actual_value,association_id,date
True,2024-01-01-00296,2024-01-01
True,2024-01-01-00303,2024-01-01
True,2024-01-01-00306,2024-01-01
True,2024-01-01-00316,2024-01-01
True,2024-01-01-00320,2024-01-01
True,2024-01-01-00321,2024-01-01
True,2024-01-01-00345,2024-01-01
True,2024-01-01-00379,2024-01-01
True,2024-01-01-00387,2024-01-01
True,2024-01-01-00398,2024-01-01
True,2024-01-01-00418,2024-01-01
True,2024-01-01-00440,2024-01-01
True,2024-01-01-00441,2024-01-01
True,2024-01-01-00479,2024-01-01
True,2024-01-01-00481,2024-01-01
True,2024-01-01-00492,2024-01-01
True,2024-01-01-00495,2024-01-01
True,2024-01-01-00527,2024-01-01
True,2024-01-01-00541,2024-01-01
True,2024-01-01-00545,2024-01-01
False,2024-01-01-00085,2024-01-01
False,2024-01-01-00086,2024-01-01
False,2024-01-01-00087,2024-01-01
False,2024-01-01-00088,2024-01-01
False,2024-01-01-00089,2024-01-01
False,2024-01-01-00090,2024-01-01
False,2024-01-01-00091,2024-01-01
False,2024-01-01-00092,2024-01-01
False,2024-01-01-00093,2024-01-01
False,2024-01-01-00094,2024-01-01
False,2024-01-01-00095,2024-01-01
False,2024-01-01-00098,2024-01-01
False,2024-01-01-00099,2024-01-01
False,2024-01-01-00100,2024-01-01
False,2024-01-01-00101,2024-01-01
False,2024-01-01-00102,2024-01-01
False,2024-01-01-00103,2024-01-01
False,2024-01-01-00104,2024-01-01
False,2024-01-01-00105,2024-01-01
False,2024-01-01-00106,2024-01-01
False,2024-01-01-00108,2024-01-01
False,2024-01-01-00109,2024-01-01
False,2024-01-01-00110,2024-01-01
False,2024-01-01-00111,2024-01-01
False,2024-01-01-00112,2024-01-01
False,2024-01-01-00113,2024-01-01
False,2024-01-01-00114,2024-01-01
False,2024-01-01-00115,2024-01-01
False,2024-01-01-00116,2024-01-01
False,2024-01-01-00117,2024-01-01
False,2024-01-01-00119,2024-01-01
False,2024-01-01-00120,2024-01-01
False,2024-01-01-00121,2024-01-01
False,2024-01-01-00122,2024-01-01
False,2024-01-01-00123,2024-01-01
False,2024-01-01-00124,2024-01-01
False,2024-01-01-00125,2024-01-01
False,2024-01-01-00126,2024-01-01
False,2024-01-01-00127,2024-01-01
False,2024-01-01-00128,2024-01-01
False,2024-01-01-00129,2024-01-01
False,2024-01-01-00130,2024-01-01
False,2024-01-01-00132,2024-01-01
False,2024-01-01-00133,2024-01-01
False,2024-01-01-00134,2024-01-01
False,2024-01-01-00135,2024-01-01
False,2024-01-01-00136,2024-01-01
False,2024-01-01-00137,2024-01-01
False,2024-01-01-00138,2024-01-01
False,2024-01-01-00139,2024-01-01
False,2024-01-01-00140,2024-01-01
False,2024-01-01-00141,2024-01-01
False,2024-01-01-00142,2024-01-01
False,2024-01-01-00144,2024-01-01
False,2024-01-01-00145,2024-01-01
False,2024-01-01-00146,2024-01-01
False,2024-01-01-00147,2024-01-01
False,2024-01-01-00148,2024-01-01
False,2024-01-01-00149,2024-01-01
False,2024-01-01-00150,2024-01-01
False,2024-01-01-00151,2024-01-01
False,2024-01-01-00152,2024-01-01
False,2024-01-01-00153,2024-01-01
False,2024-01-01-00154,2024-01-01
False,2024-01-01-00155,2024-01-01
False,2024-01-01-00156,2024-01-01
False,2024-01-01-00157,2024-01-01
False,2024-01-01-00158,2024-01-01
False,2024-01-01-00159,2024-01-01
False,2024-01-01-00160,2024-01-01
False,2024-01-01-00161,2024-01-01
False,2024-01-01-00162,2024-01-01
False,2024-01-01-00163,2024-01-01
False,2024-01-01-00165,2024-01-01
False,2024-01-01-00167,2024-01-01
False,2024-01-01-00168,2024-01-01
False,2024-01-01-00169,2024-01-01
False,2024-01-01-00170,2024-01-01
False,2024-01-01-00171,2024-01-01
False,2024-01-01-00172,2024-01-01
True,2024-02-01-00626,2024-02-01
True,2024-02-01-00628,2024-02-01
True,2024-02-01-00641,2024-02-01
True,2024-02-01-00643,2024-02-01
True,2024-02-01-00654,2024-02-01
True,2024-02-01-00657,2024-02-01
True,2024-02-01-00677,2024-02-01
True,2024-02-01-00680,2024-02-01
True,2024-02-01-00685,2024-02-01
True,2024-02-01-00698,2024-02-01
True,2024-02-01-00703,2024-02-01
True,2024-02-01-00708,2024-02-01
True,2024-02-01-00734,2024-02-01
True,2024-02-01-00737,2024-02-01
True,2024-02-01-00742,2024-02-01
True,2024-02-01-00744,2024-02-01
True,2024-02-01-00752,2024-02-01
True,2024-02-01-00754,2024-02-01
True,2024-02-01-00767,2024-02-01
True,2024-02-01-00772,2024-02-01
False,2024-02-01-00173,2024-02-01
False,2024-02-01-00175,2024-02-01
False,2024-02-01-00176,2024-02-01
False,2024-02-01-00177,2024-02-01
False,2024-02-01-00178,2024-02-01
False,2024-02-01-00179,2024-02-01
False,2024-02-01-00181,2024-02-01
False,2024-02-01-00182,2024-02-01
False,2024-02-01-00183,2024-02-01
False,2024-02-01-00184,2024-02-01
False,2024-02-01-00185,2024-02-01
False,2024-02-01-00186,2024-02-01
False,2024-02-01-00187,2024-02-01
False,2024-02-01-00188,2024-02-01
False,2024-02-01-00189,2024-02-01
False,2024-02-01-00190,2024-02-01
False,2024-02-01-00191,2024-02-01
False,2024-02-01-00192,2024-02-01
False,2024-02-01-00193,2024-02-01
False,2024-02-01-00194,2024-02-01
False,2024-02-01-00195,2024-02-01
False,2024-02-01-00196,2024-02-01
False,2024-02-01-00197,2024-02-01
False,2024-02-01-00198,2024-02-01
False,2024-02-01-00199,2024-02-01
False,2024-02-01-00200,2024-02-01
False,2024-02-01-00201,2024-02-01
False,2024-02-01-00202,2024-02-01
False,2024-02-01-00203,2024-02-01
False,2024-02-01-00204,2024-02-01
False,2024-02-01-00205,2024-02-01
False,2024-02-01-00206,2024-02-01
False,2024-02-01-00207,2024-02-01
False,2024-02-01-00208,2024-02-01
False,2024-02-01-00209,2024-02-01
False,2024-02-01-00210,2024-02-01
False,2024-02-01-00211,2024-02-01
False,2024-02-01-00212,2024-02-01
False,2024-02-01-00213,2024-02-01
False,2024-02-01-00214,2024-02-01
False,2024-02-01-00215,2024-02-01
False,2024-02-01-00216,2024-02-01
False,2024-02-01-00217,2024-02-01
False,2024-02-01-00218,2024-02-01
False,2024-02-01-00219,2024-02-01
False,2024-02-01-00220,2024-02-01
False,2024-02-01-00221,2024-02-01
False,2024-02-01-00222,2024-02-01
False,2024-02-01-00223,2024-02-01
False,2024-02-01-00224,2024-02-01
False,2024-02-01-00225,2024-02-01
False,2024-02-01-00226,2024-02-01
False,2024-02-01-00227,2024-02-01
False,2024-02-01-00228,2024-02-01
False,2024-02-01-00229,2024-02-01
False,2024-02-01-00230,2024-02-01
False,2024-02-01-00231,2024-02-01
False,2024-02-01-00232,2024-02-01
False,2024-02-01-00233,2024-02-01
False,2024-02-01-00234,2024-02-01
False,2024-02-01-00235,2024-02-01
False,2024-02-01-00236,2024-02-01
False,2024-02-01-00237,2024-02-01
False,2024-02-01-00238,2024-02-01
False,2024-02-01-00239,2024-02-01
False,2024-02-01-00240,2024-02-01
False,2024-02-01-00241,2024-02-01
False,2024-02-01-00242,2024-02-01
False,2024-02-01-00243,2024-02-01
False,2024-02-01-00244,2024-02-01
False,2024-02-01-00245,2024-02-01
False,2024-02-01-00246,2024-02-01
False,2024-02-01-00247,2024-02-01
False,2024-02-01-00250,2024-02-01
False,2024-02-01-00251,2024-02-01
False,2024-02-01-00252,2024-02-01
False,2024-02-01-00253,2024-02-01
False,2024-02-01-00254,2024-02-01
False,2024-02-01-00255,2024-02-01
False,2024-02-01-00256,2024-02-01
True,2024-03-01-00775,2024-03-01
True,2024-03-01-00816,2024-03-01
True,2024-03-01-00861,2024-03-01
True,2024-03-01-00870,2024-03-01
True,2024-03-01-00879,2024-03-01
True,2024-03-01-00892,2024-03-01
True,2024-03-01-00903,2024-03-01
True,2024-03-01-00905,2024-03-01
True,2024-03-01-00935,2024-03-01
True,2024-03-01-00948,2024-03-01
True,2024-03-01-00950,2024-03-01
True,2024-03-01-00960,2024-03-01
True,2024-03-01-00963,2024-03-01
True,2024-03-01-00965,2024-03-01
True,2024-03-01-00969,2024-03-01
True,2024-03-01-00975,2024-03-01
True,2024-03-01-01016,2024-03-01
True,2024-03-01-01023,2024-03-01
True,2024-03-01-01026,2024-03-01
True,2024-03-01-01049,2024-03-01
False,2024-03-01-00257,2024-03-01
False,2024-03-01-00258,2024-03-01
False,2024-03-01-00259,2024-03-01
False,2024-03-01-00260,2024-03-01
False,2024-03-01-00261,2024-03-01
False,2024-03-01-00262,2024-03-01
False,2024-03-01-00263,2024-03-01
False,2024-03-01-00264,2024-03-01
False,2024-03-01-00265,2024-03-01
False,2024-03-01-00266,2024-03-01
False,2024-03-01-00267,2024-03-01
False,2024-03-01-00268,2024-03-01
False,2024-03-01-00269,2024-03-01
False,2024-03-01-00270,2024-03-01
False,2024-03-01-00271,2024-03-01
False,2024-03-01-00272,2024-03-01
False,2024-03-01-00273,2024-03-01
False,2024-03-01-00274,2024-03-01
False,2024-03-01-00275,2024-03-01
False,2024-03-01-00276,2024-03-01
False,2024-03-01-00278,2024-03-01
False,2024-03-01-00279,2024-03-01
False,2024-03-01-00280,2024-03-01
False,2024-03-01-00281,2024-03-01
False,2024-03-01-00282,2024-03-01
False,2024-03-01-00283,2024-03-01
False,2024-03-01-00284,2024-03-01
False,2024-03-01-00285,2024-03-01
False,2024-03-01-00287,2024-03-01
False,2024-03-01-00288,2024-03-01
False,2024-03-01-00289,2024-03-01
False,2024-03-01-00291,2024-03-01
False,2024-03-01-00292,2024-03-01
False,2024-03-01-00293,2024-03-01
False,2024-03-01-00294,2024-03-01
False,2024-03-01-00295,2024-03-01
False,2024-03-01-00297,2024-03-01
False,2024-03-01-00298,2024-03-01
False,2024-03-01-00299,2024-03-01
False,2024-03-01-00300,2024-03-01
False,2024-03-01-00301,2024-03-01
False,2024-03-01-00302,2024-03-01
False,2024-03-01-00304,2024-03-01
False,2024-03-01-00305,2024-03-01
False,2024-03-01-00307,2024-03-01
False,2024-03-01-00308,2024-03-01
False,2024-03-01-00309,2024-03-01
False,2024-03-01-00310,2024-03-01
False,2024-03-01-00311,2024-03-01
False,2024-03-01-00312,2024-03-01
False,2024-03-01-00313,2024-03-01
False,2024-03-01-00314,2024-03-01
False,2024-03-01-00315,2024-03-01
False,2024-03-01-00317,2024-03-01
False,2024-03-01-00318,2024-03-01
False,2024-03-01-00319,2024-03-01
False,2024-03-01-00322,2024-03-01
False,2024-03-01-00323,2024-03-01
False,2024-03-01-00324,2024-03-01
False,2024-03-01-00325,2024-03-01
False,2024-03-01-00326,2024-03-01
False,2024-03-01-00327,2024-03-01
False,2024-03-01-00328,2024-03-01
False,2024-03-01-00329,2024-03-01
False,2024-03-01-00330,2024-03-01
False,2024-03-01-00331,2024-03-01
False,2024-03-01-00332,2024-03-01
False,2024-03-01-00333,2024-03-01
False,2024-03-01-00334,2024-03-01
False,2024-03-01-00335,2024-03-01
False,2024-03-01-00336,2024-03-01
False,2024-03-01-00337,2024-03-01
False,2024-03-01-00338,2024-03-01
False,2024-03-01-00339,2024-03-01
False,2024-03-01-00340,2024-03-01
False,2024-03-01-00341,2024-03-01
False,2024-03-01-00342,2024-03-01
False,2024-03-01-00343,2024-03-01
False,2024-03-01-00344,2024-03-01
False,2024-03-01-00346,2024-03-01
True,2024-07-01-01713,2024-07-01
True,2024-07-01-01730,2024-07-01
True,2024-07-01-01734,2024-07-01
True,2024-07-01-01738,2024-07-01
True,2024-07-01-01740,2024-07-01
True,2024-07-01-01753,2024-07-01
True,2024-07-01-01759,2024-07-01
True,2024-07-01-01767,2024-07-01
True,2024-07-01-01800,2024-07-01
True,2024-07-01-01806,2024-07-01
True,2024-07-01-01814,2024-07-01
True,2024-07-01-01824,2024-07-01
True,2024-07-01-01842,2024-07-01
True,2024-07-01-01864,2024-07-01
True,2024-07-01-01881,2024-07-01
True,2024-07-01-01888,2024-07-01
True,2024-07-01-01916,2024-07-01
True,2024-07-01-01919,2024-07-01
True,2024-07-01-01922,2024-07-01
True,2024-07-01-01948,2024-07-01
False,2024-07-01-00600,2024-07-01
False,2024-07-01-00601,2024-07-01
False,2024-07-01-00602,2024-07-01
False,2024-07-01-00603,2024-07-01
False,2024-07-01-00604,2024-07-01
False,2024-07-01-00605,2024-07-01
False,2024-07-01-00606,2024-07-01
False,2024-07-01-00607,2024-07-01
False,2024-07-01-00608,2024-07-01
False,2024-07-01-00609,2024-07-01
False,2024-07-01-00610,2024-07-01
False,2024-07-01-00611,2024-07-01
False,2024-07-01-00612,2024-07-01
False,2024-07-01-00613,2024-07-01
False,2024-07-01-00614,2024-07-01
False,2024-07-01-00615,2024-07-01
False,2024-07-01-00616,2024-07-01
False,2024-07-01-00617,2024-07-01
False,2024-07-01-00618,2024-07-01
False,2024-07-01-00619,2024-07-01
False,2024-07-01-00620,2024-07-01
False,2024-07-01-00621,2024-07-01
False,2024-07-01-00622,2024-07-01
False,2024-07-01-00623,2024-07-01
False,2024-07-01-00624,2024-07-01
False,2024-07-01-00625,2024-07-01
False,2024-07-01-00627,2024-07-01
False,2024-07-01-00629,2024-07-01
False,2024-07-01-00630,2024-07-01
False,2024-07-01-00631,2024-07-01
False,2024-07-01-00632,2024-07-01
False,2024-07-01-00633,2024-07-01
False,2024-07-01-00634,2024-07-01
False,2024-07-01-00635,2024-07-01
False,2024-07-01-00636,2024-07-01
False,2024-07-01-00637,2024-07-01
False,2024-07-01-00638,2024-07-01
False,2024-07-01-00639,2024-07-01
False,2024-07-01-00640,2024-07-01
False,2024-07-01-00642,2024-07-01
False,2024-07-01-00644,2024-07-01
False,2024-07-01-00645,2024-07-01
False,2024-07-01-00646,2024-07-01
False,2024-07-01-00647,2024-07-01
False,2024-07-01-00648,2024-07-01
False,2024-07-01-00649,2024-07-01
False,2024-07-01-00650,2024-07-01
False,2024-07-01-00651,2024-07-01
False,2024-07-01-00652,2024-07-01
False,2024-07-01-00653,2024-07-01
False,2024-07-01-00655,2024-07-01
False,2024-07-01-00656,2024-07-01
False,2024-07-01-00658,2024-07-01
False,2024-07-01-00659,2024-07-01
False,2024-07-01-00660,2024-07-01
False,2024-07-01-00661,2024-07-01
False,2024-07-01-00662,2024-07-01
False,2024-07-01-00663,2024-07-01
False,2024-07-01-00664,2024-07-01
False,2024-07-01-00665,2024-07-01
False,2024-07-01-00666,2024-07-01
False,2024-07-01-00667,2024-07-01
False,2024-07-01-00668,2024-07-01
False,2024-07-01-00669,2024-07-01
False,2024-07-01-00670,2024-07-01
False,2024-07-01-00671,2024-07-01
False,2024-07-01-00672,2024-07-01
False,2024-07-01-00673,2024-07-01
False,2024-07-01-00674,2024-07-01
False,2024-07-01-00675,2024-07-01
False,2024-07-01-00676,2024-07-01
False,2024-07-01-00678,2024-07-01
False,2024-07-01-00679,2024-07-01
False,2024-07-01-00681,2024-07-01
False,2024-07-01-00682,2024-07-01
False,2024-07-01-00683,2024-07-01
False,2024-07-01-00684,2024-07-01
False,2024-07-01-00686,2024-07-01
False,2024-07-01-00687,2024-07-01
False,2024-07-01-00688,2024-07-01
True,2024-06-01-01585,2024-06-01
True,2024-06-01-01590,2024-06-01
True,2024-06-01-01596,2024-06-01
True,2024-06-01-01601,2024-06-01
True,2024-06-01-01605,2024-06-01
True,2024-06-01-01608,2024-06-01
True,2024-06-01-01623,2024-06-01
True,2024-06-01-01626,2024-06-01
True,2024-06-01-01643,2024-06-01
True,2024-06-01-01650,2024-06-01
True,2024-06-01-01654,2024-06-01
True,2024-06-01-01669,2024-06-01
True,2024-06-01-01670,2024-06-01
True,2024-06-01-01672,2024-06-01
True,2024-06-01-01683,2024-06-01
True,2024-06-01-01684,2024-06-01
True,2024-06-01-01691,2024-06-01
True,2024-06-01-01695,2024-06-01
True,2024-06-01-01702,2024-06-01
True,2024-06-01-01707,2024-06-01
False,2024-06-01-00517,2024-06-01
False,2024-06-01-00518,2024-06-01
False,2024-06-01-00519,2024-06-01
False,2024-06-01-00520,2024-06-01
False,2024-06-01-00521,2024-06-01
False,2024-06-01-00522,2024-06-01
False,2024-06-01-00523,2024-06-01
False,2024-06-01-00524,2024-06-01
False,2024-06-01-00525,2024-06-01
False,2024-06-01-00526,2024-06-01
False,2024-06-01-00528,2024-06-01
False,2024-06-01-00529,2024-06-01
False,2024-06-01-00530,2024-06-01
False,2024-06-01-00531,2024-06-01
False,2024-06-01-00532,2024-06-01
False,2024-06-01-00533,2024-06-01
False,2024-06-01-00534,2024-06-01
False,2024-06-01-00535,2024-06-01
False,2024-06-01-00536,2024-06-01
False,2024-06-01-00537,2024-06-01
False,2024-06-01-00538,2024-06-01
False,2024-06-01-00539,2024-06-01
False,2024-06-01-00540,2024-06-01
False,2024-06-01-00542,2024-06-01
False,2024-06-01-00543,2024-06-01
False,2024-06-01-00544,2024-06-01
False,2024-06-01-00546,2024-06-01
False,2024-06-01-00547,2024-06-01
False,2024-06-01-00548,2024-06-01
False,2024-06-01-00549,2024-06-01
False,2024-06-01-00550,2024-06-01
False,2024-06-01-00551,2024-06-01
False,2024-06-01-00552,2024-06-01
False,2024-06-01-00553,2024-06-01
False,2024-06-01-00554,2024-06-01
False,2024-06-01-00555,2024-06-01
False,2024-06-01-00556,2024-06-01
False,2024-06-01-00557,2024-06-01
False,2024-06-01-00558,2024-06-01
False,2024-06-01-00559,2024-06-01
False,2024-06-01-00560,2024-06-01
False,2024-06-01-00561,2024-06-01
False,2024-06-01-00562,2024-06-01
False,2024-06-01-00563,2024-06-01
False,2024-06-01-00564,2024-06-01
False,2024-06-01-00565,2024-06-01
False,2024-06-01-00566,2024-06-01
False,2024-06-01-00567,2024-06-01
False,2024-06-01-00568,2024-06-01
False,2024-06-01-00569,2024-06-01
False,2024-06-01-00570,2024-06-01
False,2024-06-01-00571,2024-06-01
False,2024-06-01-00572,2024-06-01
False,2024-06-01-00573,2024-06-01
False,2024-06-01-00574,2024-06-01
False,2024-06-01-00575,2024-06-01
False,2024-06-01-00576,2024-06-01
False,2024-06-01-00577,2024-06-01
False,2024-06-01-00578,2024-06-01
False,2024-06-01-00579,2024-06-01
False,2024-06-01-00580,2024-06-01
False,2024-06-01-00581,2024-06-01
False,2024-06-01-00582,2024-06-01
False,2024-06-01-00583,2024-06-01
False,2024-06-01-00584,2024-06-01
False,2024-06-01-00585,2024-06-01
False,2024-06-01-00586,2024-06-01
False,2024-06-01-00587,2024-06-01
False,2024-06-01-00588,2024-06-01
False,2024-06-01-00589,2024-06-01
False,2024-06-01-00590,2024-06-01
False,2024-06-01-00591,2024-06-01
False,2024-06-01-00592,2024-06-01
False,2024-06-01-00593,2024-06-01
False,2024-06-01-00594,2024-06-01
False,2024-06-01-00595,2024-06-01
False,2024-06-01-00596,2024-06-01
False,2024-06-01-00597,2024-06-01
False,2024-06-01-00598,2024-06-01
False,2024-06-01-00599,2024-06-01
True,2024-04-01-01062,2024-04-01
True,2024-04-01-01072,2024-04-01
True,2024-04-01-01085,2024-04-01
True,2024-04-01-01114,2024-04-01
True,2024-04-01-01133,2024-04-01
True,2024-04-01-01134,2024-04-01
True,2024-04-01-01136,2024-04-01
True,2024-04-01-01164,2024-04-01
True,2024-04-01-01167,2024-04-01
True,2024-04-01-01176,2024-04-01
True,2024-04-01-01188,2024-04-01
True,2024-04-01-01196,2024-04-01
True,2024-04-01-01201,2024-04-01
True,2024-04-01-01223,2024-04-01
True,2024-04-01-01233,2024-04-01
True,2024-04-01-01236,2024-04-01
True,2024-04-01-01245,2024-04-01
True,2024-04-01-01249,2024-04-01
True,2024-04-01-01256,2024-04-01
True,2024-04-01-01269,2024-04-01
False,2024-04-01-00347,2024-04-01
False,2024-04-01-00348,2024-04-01
False,2024-04-01-00349,2024-04-01
False,2024-04-01-00350,2024-04-01
False,2024-04-01-00351,2024-04-01
False,2024-04-01-00352,2024-04-01
False,2024-04-01-00353,2024-04-01
False,2024-04-01-00354,2024-04-01
False,2024-04-01-00355,2024-04-01
False,2024-04-01-00356,2024-04-01
False,2024-04-01-00357,2024-04-01
False,2024-04-01-00358,2024-04-01
False,2024-04-01-00359,2024-04-01
False,2024-04-01-00360,2024-04-01
False,2024-04-01-00361,2024-04-01
False,2024-04-01-00362,2024-04-01
False,2024-04-01-00363,2024-04-01
False,2024-04-01-00364,2024-04-01
False,2024-04-01-00365,2024-04-01
False,2024-04-01-00366,2024-04-01
False,2024-04-01-00367,2024-04-01
False,2024-04-01-00368,2024-04-01
False,2024-04-01-00369,2024-04-01
False,2024-04-01-00370,2024-04-01
False,2024-04-01-00371,2024-04-01
False,2024-04-01-00372,2024-04-01
False,2024-04-01-00373,2024-04-01
False,2024-04-01-00374,2024-04-01
False,2024-04-01-00375,2024-04-01
False,2024-04-01-00376,2024-04-01
False,2024-04-01-00377,2024-04-01
False,2024-04-01-00378,2024-04-01
False,2024-04-01-00380,2024-04-01
False,2024-04-01-00381,2024-04-01
False,2024-04-01-00382,2024-04-01
False,2024-04-01-00383,2024-04-01
False,2024-04-01-00384,2024-04-01
False,2024-04-01-00385,2024-04-01
False,2024-04-01-00386,2024-04-01
False,2024-04-01-00388,2024-04-01
False,2024-04-01-00389,2024-04-01
False,2024-04-01-00390,2024-04-01
False,2024-04-01-00391,2024-04-01
False,2024-04-01-00392,2024-04-01
False,2024-04-01-00393,2024-04-01
False,2024-04-01-00394,2024-04-01
False,2024-04-01-00395,2024-04-01
False,2024-04-01-00396,2024-04-01
False,2024-04-01-00397,2024-04-01
False,2024-04-01-00399,2024-04-01
False,2024-04-01-00400,2024-04-01
False,2024-04-01-00401,2024-04-01
False,2024-04-01-00402,2024-04-01
False,2024-04-01-00403,2024-04-01
False,2024-04-01-00404,2024-04-01
False,2024-04-01-00405,2024-04-01
False,2024-04-01-00406,2024-04-01
False,2024-04-01-00407,2024-04-01
False,2024-04-01-00408,2024-04-01
False,2024-04-01-00409,2024-04-01
False,2024-04-01-00410,2024-04-01
False,2024-04-01-00411,2024-04-01
False,2024-04-01-00412,2024-04-01
False,2024-04-01-00413,2024-04-01
False,2024-04-01-00414,2024-04-01
False,2024-04-01-00415,2024-04-01
False,2024-04-01-00416,2024-04-01
False,2024-04-01-00417,2024-04-01
False,2024-04-01-00419,2024-04-01
False,2024-04-01-00420,2024-04-01
False,2024-04-01-00421,2024-04-01
False,2024-04-01-00422,2024-04-01
False,2024-04-01-00423,2024-04-01
False,2024-04-01-00424,2024-04-01
False,2024-04-01-00425,2024-04-01
False,2024-04-01-00426,2024-04-01
False,2024-04-01-00427,2024-04-01
False,2024-04-01-00428,2024-04-01
False,2024-04-01-00429,2024-04-01
False,2024-04-01-00430,2024-04-01
True,2024-05-01-01273,2024-05-01
True,2024-05-01-01311,2024-05-01
True,2024-05-01-01321,2024-05-01
True,2024-05-01-01327,2024-05-01
True,2024-05-01-01329,2024-05-01
True,2024-05-01-01357,2024-05-01
True,2024-05-01-01358,2024-05-01
True,2024-05-01-01363,2024-05-01
True,2024-05-01-01386,2024-05-01
True,2024-05-01-01428,2024-05-01
True,2024-05-01-01453,2024-05-01
True,2024-05-01-01463,2024-05-01
True,2024-05-01-01468,2024-05-01
True,2024-05-01-01484,2024-05-01
True,2024-05-01-01485,2024-05-01
True,2024-05-01-01495,2024-05-01
True,2024-05-01-01496,2024-05-01
True,2024-05-01-01530,2024-05-01
True,2024-05-01-01570,2024-05-01
True,2024-05-01-01575,2024-05-01
False,2024-05-01-00431,2024-05-01
False,2024-05-01-00432,2024-05-01
False,2024-05-01-00433,2024-05-01
False,2024-05-01-00434,2024-05-01
False,2024-05-01-00435,2024-05-01
False,2024-05-01-00436,2024-05-01
False,2024-05-01-00437,2024-05-01
False,2024-05-01-00438,2024-05-01
False,2024-05-01-00439,2024-05-01
False,2024-05-01-00442,2024-05-01
False,2024-05-01-00443,2024-05-01
False,2024-05-01-00444,2024-05-01
False,2024-05-01-00445,2024-05-01
False,2024-05-01-00446,2024-05-01
False,2024-05-01-00447,2024-05-01
False,2024-05-01-00448,2024-05-01
False,2024-05-01-00449,2024-05-01
False,2024-05-01-00450,2024-05-01
False,2024-05-01-00451,2024-05-01
False,2024-05-01-00452,2024-05-01
False,2024-05-01-00453,2024-05-01
False,2024-05-01-00454,2024-05-01
False,2024-05-01-00455,2024-05-01
False,2024-05-01-00456,2024-05-01
False,2024-05-01-00457,2024-05-01
False,2024-05-01-00458,2024-05-01
False,2024-05-01-00459,2024-05-01
False,2024-05-01-00460,2024-05-01
False,2024-05-01-00461,2024-05-01
False,2024-05-01-00462,2024-05-01
False,2024-05-01-00463,2024-05-01
False,2024-05-01-00464,2024-05-01
False,2024-05-01-00465,2024-05-01
False,2024-05-01-00466,2024-05-01
False,2024-05-01-00467,2024-05-01
False,2024-05-01-00468,2024-05-01
False,2024-05-01-00469,2024-05-01
False,2024-05-01-00470,2024-05-01
False,2024-05-01-00471,2024-05-01
False,2024-05-01-00472,2024-05-01
False,2024-05-01-00473,2024-05-01
False,2024-05-01-00474,2024-05-01
False,2024-05-01-00475,2024-05-01
False,2024-05-01-00476,2024-05-01
False,2024-05-01-00477,2024-05-01
False,2024-05-01-00478,2024-05-01
False,2024-05-01-00480,2024-05-01
False,2024-05-01-00482,2024-05-01
False,2024-05-01-00483,2024-05-01
False,2024-05-01-00484,2024-05-01
False,2024-05-01-00485,2024-05-01
False,2024-05-01-00486,2024-05-01
False,2024-05-01-00487,2024-05-01
False,2024-05-01-00488,2024-05-01
False,2024-05-01-00489,2024-05-01
False,2024-05-01-00490,2024-05-01
False,2024-05-01-00491,2024-05-01
False,2024-05-01-00493,2024-05-01
False,2024-05-01-00494,2024-05-01
False,2024-05-01-00496,2024-05-01
False,2024-05-01-00497,2024-05-01
False,2024-05-01-00498,2024-05-01
False,2024-05-01-00499,2024-05-01
False,2024-05-01-00500,2024-05-01
False,2024-05-01-00501,2024-05-01
False,2024-05-01-00502,2024-05-01
False,2024-05-01-00503,2024-05-01
False,2024-05-01-00504,2024-05-01
False,2024-05-01-00505,2024-05-01
False,2024-05-01-00506,2024-05-01
False,2024-05-01-00507,2024-05-01
False,2024-05-01-00508,2024-05-01
False,2024-05-01-00509,2024-05-01
False,2024-05-01-00510,2024-05-01
False,2024-05-01-00511,2024-05-01
False,2024-05-01-00512,2024-05-01
False,2024-05-01-00513,2024-05-01
False,2024-05-01-00514,2024-05-01
False,2024-05-01-00515,2024-05-01
False,2024-05-01-00516,2024-05-01
True,2024-08-01-01972,2024-08-01
True,2024-08-01-01973,2024-08-01
True,2024-08-01-01983,2024-08-01
True,2024-08-01-01993,2024-08-01
True,2024-08-01-02014,2024-08-01
True,2024-08-01-02015,2024-08-01
True,2024-08-01-02050,2024-08-01
True,2024-08-01-02065,2024-08-01
True,2024-08-01-02081,2024-08-01
True,2024-08-01-02088,2024-08-01
True,2024-08-01-02111,2024-08-01
True,2024-08-01-02114,2024-08-01
True,2024-08-01-02115,2024-08-01
True,2024-08-01-02119,2024-08-01
True,2024-08-01-02123,2024-08-01
True,2024-08-01-02125,2024-08-01
True,2024-08-01-02135,2024-08-01
True,2024-08-01-02140,2024-08-01
True,2024-08-01-02148,2024-08-01
True,2024-08-01-02169,2024-08-01
False,2024-08-01-00689,2024-08-01
False,2024-08-01-00690,2024-08-01
False,2024-08-01-00691,2024-08-01
False,2024-08-01-00692,2024-08-01
False,2024-08-01-00693,2024-08-01
False,2024-08-01-00694,2024-08-01
False,2024-08-01-00695,2024-08-01
False,2024-08-01-00696,2024-08-01
False,2024-08-01-00697,2024-08-01
False,2024-08-01-00699,2024-08-01
False,2024-08-01-00700,2024-08-01
False,2024-08-01-00701,2024-08-01
False,2024-08-01-00702,2024-08-01
False,2024-08-01-00704,2024-08-01
False,2024-08-01-00705,2024-08-01
False,2024-08-01-00706,2024-08-01
False,2024-08-01-00707,2024-08-01
False,2024-08-01-00709,2024-08-01
False,2024-08-01-00710,2024-08-01
False,2024-08-01-00711,2024-08-01
False,2024-08-01-00712,2024-08-01
False,2024-08-01-00713,2024-08-01
False,2024-08-01-00714,2024-08-01
False,2024-08-01-00715,2024-08-01
False,2024-08-01-00716,2024-08-01
False,2024-08-01-00717,2024-08-01
False,2024-08-01-00718,2024-08-01
False,2024-08-01-00719,2024-08-01
False,2024-08-01-00720,2024-08-01
False,2024-08-01-00721,2024-08-01
False,2024-08-01-00722,2024-08-01
False,2024-08-01-00723,2024-08-01
False,2024-08-01-00724,2024-08-01
False,2024-08-01-00725,2024-08-01
False,2024-08-01-00726,2024-08-01
False,2024-08-01-00727,2024-08-01
False,2024-08-01-00728,2024-08-01
False,2024-08-01-00729,2024-08-01
False,2024-08-01-00730,2024-08-01
False,2024-08-01-00731,2024-08-01
False,2024-08-01-00732,2024-08-01
False,2024-08-01-00733,2024-08-01
False,2024-08-01-00735,2024-08-01
False,2024-08-01-00736,2024-08-01
False,2024-08-01-00738,2024-08-01
False,2024-08-01-00739,2024-08-01
False,2024-08-01-00740,2024-08-01
False,2024-08-01-00741,2024-08-01
False,2024-08-01-00743,2024-08-01
False,2024-08-01-00745,2024-08-01
False,2024-08-01-00746,2024-08-01
False,2024-08-01-00747,2024-08-01
False,2024-08-01-00748,2024-08-01
False,2024-08-01-00749,2024-08-01
False,2024-08-01-00750,2024-08-01
False,2024-08-01-00751,2024-08-01
False,2024-08-01-00753,2024-08-01
False,2024-08-01-00755,2024-08-01
False,2024-08-01-00756,2024-08-01
False,2024-08-01-00757,2024-08-01
False,2024-08-01-00758,2024-08-01
False,2024-08-01-00759,2024-08-01
False,2024-08-01-00760,2024-08-01
False,2024-08-01-00761,2024-08-01
False,2024-08-01-00762,2024-08-01
False,2024-08-01-00763,2024-08-01
False,2024-08-01-00764,2024-08-01
False,2024-08-01-00765,2024-08-01
False,2024-08-01-00766,2024-08-01
False,2024-08-01-00768,2024-08-01
False,2024-08-01-00769,2024-08-01
False,2024-08-01-00770,2024-08-01
False,2024-08-01-00771,2024-08-01
False,2024-08-01-00773,2024-08-01
False,2024-08-01-00774,2024-08-01
False,2024-08-01-00776,2024-08-01
False,2024-08-01-00777,2024-08-01
False,2024-08-01-00778,2024-08-01
False,2024-08-01-00779,2024-08-01
False,2024-08-01-00780,2024-08-01
True,2024-09-01-02172,2024-09-01
True,2024-09-01-02185,2024-09-01
True,2024-09-01-02193,2024-09-01
True,2024-09-01-02224,2024-09-01
True,2024-09-01-02229,2024-09-01
True,2024-09-01-02232,2024-09-01
True,2024-09-01-02250,2024-09-01
True,2024-09-01-02263,2024-09-01
True,2024-09-01-02270,2024-09-01
True,2024-09-01-02278,2024-09-01
True,2024-09-01-02280,2024-09-01
True,2024-09-01-02312,2024-09-01
True,2024-09-01-02313,2024-09-01
True,2024-09-01-02314,2024-09-01
True,2024-09-01-02328,2024-09-01
True,2024-09-01-02334,2024-09-01
True,2024-09-01-02338,2024-09-01
True,2024-09-01-02353,2024-09-01
True,2024-09-01-02373,2024-09-01
True,2024-09-01-02389,2024-09-01
False,2024-09-01-00781,2024-09-01
False,2024-09-01-00782,2024-09-01
False,2024-09-01-00783,2024-09-01
False,2024-09-01-00784,2024-09-01
False,2024-09-01-00785,2024-09-01
False,2024-09-01-00786,2024-09-01
False,2024-09-01-00787,2024-09-01
False,2024-09-01-00788,2024-09-01
False,2024-09-01-00789,2024-09-01
False,2024-09-01-00790,2024-09-01
False,2024-09-01-00791,2024-09-01
False,2024-09-01-00792,2024-09-01
False,2024-09-01-00793,2024-09-01
False,2024-09-01-00794,2024-09-01
False,2024-09-01-00795,2024-09-01
False,2024-09-01-00796,2024-09-01
False,2024-09-01-00797,2024-09-01
False,2024-09-01-00798,2024-09-01
False,2024-09-01-00799,2024-09-01
False,2024-09-01-00800,2024-09-01
False,2024-09-01-00801,2024-09-01
False,2024-09-01-00802,2024-09-01
False,2024-09-01-00803,2024-09-01
False,2024-09-01-00804,2024-09-01
False,2024-09-01-00805,2024-09-01
False,2024-09-01-00806,2024-09-01
False,2024-09-01-00807,2024-09-01
False,2024-09-01-00808,2024-09-01
False,2024-09-01-00809,2024-09-01
False,2024-09-01-00810,2024-09-01
False,2024-09-01-00811,2024-09-01
False,2024-09-01-00812,2024-09-01
False,2024-09-01-00813,2024-09-01
False,2024-09-01-00814,2024-09-01
False,2024-09-01-00815,2024-09-01
False,2024-09-01-00817,2024-09-01
False,2024-09-01-00818,2024-09-01
False,2024-09-01-00819,2024-09-01
False,2024-09-01-00820,2024-09-01
False,2024-09-01-00821,2024-09-01
False,2024-09-01-00822,2024-09-01
False,2024-09-01-00823,2024-09-01
False,2024-09-01-00824,2024-09-01
False,2024-09-01-00825,2024-09-01
False,2024-09-01-00826,2024-09-01
False,2024-09-01-00827,2024-09-01
False,2024-09-01-00828,2024-09-01
False,2024-09-01-00829,2024-09-01
False,2024-09-01-00830,2024-09-01
False,2024-09-01-00831,2024-09-01
False,2024-09-01-00832,2024-09-01
False,2024-09-01-00833,2024-09-01
False,2024-09-01-00834,2024-09-01
False,2024-09-01-00835,2024-09-01
False,2024-09-01-00836,2024-09-01
False,2024-09-01-00837,2024-09-01
False,2024-09-01-00838,2024-09-01
False,2024-09-01-00839,2024-09-01
False,2024-09-01-00840,2024-09-01
False,2024-09-01-00841,2024-09-01
False,2024-09-01-00842,2024-09-01
False,2024-09-01-00843,2024-09-01
False,2024-09-01-00844,2024-09-01
False,2024-09-01-00845,2024-09-01
False,2024-09-01-00846,2024-09-01
False,2024-09-01-00847,2024-09-01
False,2024-09-01-00848,2024-09-01
False,2024-09-01-00849,2024-09-01
False,2024-09-01-00850,2024-09-01
False,2024-09-01-00851,2024-09-01
False,2024-09-01-00852,2024-09-01
False,2024-09-01-00853,2024-09-01
False,2024-09-01-00854,2024-09-01
False,2024-09-01-00855,2024-09-01
False,2024-09-01-00856,2024-09-01
False,2024-09-01-00857,2024-09-01
False,2024-09-01-00858,2024-09-01
False,2024-09-01-00859,2024-09-01
False,2024-09-01-00860,2024-09-01
False,2024-09-01-00862,2024-09-01
True,2024-11-01-02649,2024-11-01
True,2024-11-01-02657,2024-11-01
True,2024-11-01-02679,2024-11-01
True,2024-11-01-02689,2024-11-01
True,2024-11-01-02698,2024-11-01
True,2024-11-01-02709,2024-11-01
True,2024-11-01-02715,2024-11-01
True,2024-11-01-02723,2024-11-01
True,2024-11-01-02728,2024-11-01
True,2024-11-01-02747,2024-11-01
True,2024-11-01-02756,2024-11-01
True,2024-11-01-02790,2024-11-01
True,2024-11-01-02801,2024-11-01
True,2024-11-01-02803,2024-11-01
True,2024-11-01-02806,2024-11-01
True,2024-11-01-02813,2024-11-01
True,2024-11-01-02818,2024-11-01
True,2024-11-01-02825,2024-11-01
True,2024-11-01-02826,2024-11-01
True,2024-11-01-02837,2024-11-01
False,2024-11-01-00951,2024-11-01
False,2024-11-01-00952,2024-11-01
False,2024-11-01-00953,2024-11-01
False,2024-11-01-00954,2024-11-01
False,2024-11-01-00955,2024-11-01
False,2024-11-01-00956,2024-11-01
False,2024-11-01-00957,2024-11-01
False,2024-11-01-00958,2024-11-01
False,2024-11-01-00959,2024-11-01
False,2024-11-01-00961,2024-11-01
False,2024-11-01-00962,2024-11-01
False,2024-11-01-00964,2024-11-01
False,2024-11-01-00966,2024-11-01
False,2024-11-01-00967,2024-11-01
False,2024-11-01-00968,2024-11-01
False,2024-11-01-00970,2024-11-01
False,2024-11-01-00971,2024-11-01
False,2024-11-01-00972,2024-11-01
False,2024-11-01-00973,2024-11-01
False,2024-11-01-00974,2024-11-01
False,2024-11-01-00976,2024-11-01
False,2024-11-01-00977,2024-11-01
False,2024-11-01-00978,2024-11-01
False,2024-11-01-00979,2024-11-01
False,2024-11-01-00980,2024-11-01
False,2024-11-01-00981,2024-11-01
False,2024-11-01-00982,2024-11-01
False,2024-11-01-00983,2024-11-01
False,2024-11-01-00984,2024-11-01
False,2024-11-01-00985,2024-11-01
False,2024-11-01-00986,2024-11-01
False,2024-11-01-00987,2024-11-01
False,2024-11-01-00988,2024-11-01
False,2024-11-01-00989,2024-11-01
False,2024-11-01-00990,2024-11-01
False,2024-11-01-00991,2024-11-01
False,2024-11-01-00992,2024-11-01
False,2024-11-01-00993,2024-11-01
False,2024-11-01-00994,2024-11-01
False,2024-11-01-00995,2024-11-01
False,2024-11-01-00996,2024-11-01
False,2024-11-01-00997,2024-11-01
False,2024-11-01-00998,2024-11-01
False,2024-11-01-00999,2024-11-01
False,2024-11-01-01000,2024-11-01
False,2024-11-01-01001,2024-11-01
False,2024-11-01-01002,2024-11-01
False,2024-11-01-01003,2024-11-01
False,2024-11-01-01004,2024-11-01
False,2024-11-01-01005,2024-11-01
False,2024-11-01-01006,2024-11-01
False,2024-11-01-01007,2024-11-01
False,2024-11-01-01008,2024-11-01
False,2024-11-01-01009,2024-11-01
False,2024-11-01-01010,2024-11-01
False,2024-11-01-01011,2024-11-01
False,2024-11-01-01012,2024-11-01
False,2024-11-01-01013,2024-11-01
False,2024-11-01-01014,2024-11-01
False,2024-11-01-01015,2024-11-01
False,2024-11-01-01017,2024-11-01
False,2024-11-01-01018,2024-11-01
False,2024-11-01-01019,2024-11-01
False,2024-11-01-01020,2024-11-01
False,2024-11-01-01021,2024-11-01
False,2024-11-01-01022,2024-11-01
False,2024-11-01-01024,2024-11-01
False,2024-11-01-01025,2024-11-01
False,2024-11-01-01027,2024-11-01
False,2024-11-01-01028,2024-11-01
False,2024-11-01-01029,2024-11-01
False,2024-11-01-01030,2024-11-01
False,2024-11-01-01031,2024-11-01
False,2024-11-01-01032,2024-11-01
False,2024-11-01-01033,2024-11-01
False,2024-11-01-01034,2024-11-01
False,2024-11-01-01035,2024-11-01
False,2024-11-01-01036,2024-11-01
False,2024-11-01-01037,2024-11-01
False,2024-11-01-01038,2024-11-01
True,2024-10-01-02391,2024-10-01
True,2024-10-01-02396,2024-10-01
True,2024-10-01-02406,2024-10-01
True,2024-10-01-02442,2024-10-01
True,2024-10-01-02468,2024-10-01
True,2024-10-01-02502,2024-10-01
True,2024-10-01-02504,2024-10-01
True,2024-10-01-02507,2024-10-01
True,2024-10-01-02512,2024-10-01
True,2024-10-01-02529,2024-10-01
True,2024-10-01-02558,2024-10-01
True,2024-10-01-02564,2024-10-01
True,2024-10-01-02568,2024-10-01
True,2024-10-01-02576,2024-10-01
True,2024-10-01-02598,2024-10-01
True,2024-10-01-02614,2024-10-01
True,2024-10-01-02616,2024-10-01
True,2024-10-01-02623,2024-10-01
True,2024-10-01-02633,2024-10-01
True,2024-10-01-02635,2024-10-01
False,2024-10-01-00863,2024-10-01
False,2024-10-01-00864,2024-10-01
False,2024-10-01-00865,2024-10-01
False,2024-10-01-00866,2024-10-01
False,2024-10-01-00867,2024-10-01
False,2024-10-01-00868,2024-10-01
False,2024-10-01-00869,2024-10-01
False,2024-10-01-00871,2024-10-01
False,2024-10-01-00872,2024-10-01
False,2024-10-01-00873,2024-10-01
False,2024-10-01-00874,2024-10-01
False,2024-10-01-00875,2024-10-01
False,2024-10-01-00876,2024-10-01
False,2024-10-01-00877,2024-10-01
False,2024-10-01-00878,2024-10-01
False,2024-10-01-00880,2024-10-01
False,2024-10-01-00881,2024-10-01
False,2024-10-01-00882,2024-10-01
False,2024-10-01-00883,2024-10-01
False,2024-10-01-00884,2024-10-01
False,2024-10-01-00885,2024-10-01
False,2024-10-01-00886,2024-10-01
False,2024-10-01-00887,2024-10-01
False,2024-10-01-00888,2024-10-01
False,2024-10-01-00889,2024-10-01
False,2024-10-01-00890,2024-10-01
False,2024-10-01-00891,2024-10-01
False,2024-10-01-00893,2024-10-01
False,2024-10-01-00894,2024-10-01
False,2024-10-01-00895,2024-10-01
False,2024-10-01-00896,2024-10-01
False,2024-10-01-00897,2024-10-01
False,2024-10-01-00898,2024-10-01
False,2024-10-01-00899,2024-10-01
False,2024-10-01-00900,2024-10-01
False,2024-10-01-00901,2024-10-01
False,2024-10-01-00902,2024-10-01
False,2024-10-01-00904,2024-10-01
False,2024-10-01-00906,2024-10-01
False,2024-10-01-00907,2024-10-01
False,2024-10-01-00908,2024-10-01
False,2024-10-01-00909,2024-10-01
False,2024-10-01-00910,2024-10-01
False,2024-10-01-00911,2024-10-01
False,2024-10-01-00912,2024-10-01
False,2024-10-01-00913,2024-10-01
False,2024-10-01-00914,2024-10-01
False,2024-10-01-00915,2024-10-01
False,2024-10-01-00916,2024-10-01
False,2024-10-01-00917,2024-10-01
False,2024-10-01-00918,2024-10-01
False,2024-10-01-00919,2024-10-01
False,2024-10-01-00920,2024-10-01
False,2024-10-01-00921,2024-10-01
False,2024-10-01-00922,2024-10-01
False,2024-10-01-00923,2024-10-01
False,2024-10-01-00924,2024-10-01
False,2024-10-01-00925,2024-10-01
False,2024-10-01-00926,2024-10-01
False,2024-10-01-00927,2024-10-01
False,2024-10-01-00928,2024-10-01
False,2024-10-01-00929,2024-10-01
False,2024-10-01-00930,2024-10-01
False,2024-10-01-00931,2024-10-01
False,2024-10-01-00932,2024-10-01
False,2024-10-01-00933,2024-10-01
False,2024-10-01-00934,2024-10-01
False,2024-10-01-00936,2024-10-01
False,2024-10-01-00937,2024-10-01
False,2024-10-01-00938,2024-10-01
False,2024-10-01-00939,2024-10-01
False,2024-10-01-00940,2024-10-01
False,2024-10-01-00941,2024-10-01
False,2024-10-01-00942,2024-10-01
False,2024-10-01-00943,2024-10-01
False,2024-10-01-00944,2024-10-01
False,2024-10-01-00945,2024-10-01
False,2024-10-01-00946,2024-10-01
False,2024-10-01-00947,2024-10-01
False,2024-10-01-00949,2024-10-01
True,2024-12-01-02846,2024-12-01
True,2024-12-01-02855,2024-12-01
True,2024-12-01-02859,2024-12-01
True,2024-12-01-02870,2024-12-01
True,2024-12-01-02880,2024-12-01
True,2024-12-01-02886,2024-12-01
True,2024-12-01-02904,2024-12-01
True,2024-12-01-02906,2024-12-01
True,2024-12-01-02910,2024-12-01
True,2024-12-01-02925,2024-12-01
True,2024-12-01-02930,2024-12-01
True,2024-12-01-02933,2024-12-01
True,2024-12-01-02934,2024-12-01
True,2024-12-01-02942,2024-12-01
True,2024-12-01-02951,2024-12-01
True,2024-12-01-02993,2024-12-01
True,2024-12-01-03008,2024-12-01
True,2024-12-01-03012,2024-12-01
True,2024-12-01-03026,2024-12-01
True,2024-12-01-03030,2024-12-01
False,2024-12-01-01039,2024-12-01
False,2024-12-01-01040,2024-12-01
False,2024-12-01-01041,2024-12-01
False,2024-12-01-01042,2024-12-01
False,2024-12-01-01043,2024-12-01
False,2024-12-01-01044,2024-12-01
False,2024-12-01-01045,2024-12-01
False,2024-12-01-01046,2024-12-01
False,2024-12-01-01047,2024-12-01
False,2024-12-01-01048,2024-12-01
False,2024-12-01-01050,2024-12-01
False,2024-12-01-01051,2024-12-01
False,2024-12-01-01052,2024-12-01
False,2024-12-01-01053,2024-12-01
False,2024-12-01-01054,2024-12-01
False,2024-12-01-01055,2024-12-01
False,2024-12-01-01056,2024-12-01
False,2024-12-01-01057,2024-12-01
False,2024-12-01-01058,2024-12-01
False,2024-12-01-01059,2024-12-01
False,2024-12-01-01060,2024-12-01
False,2024-12-01-01061,2024-12-01
False,2024-12-01-01063,2024-12-01
False,2024-12-01-01064,2024-12-01
False,2024-12-01-01065,2024-12-01
False,2024-12-01-01066,2024-12-01
False,2024-12-01-01067,2024-12-01
False,2024-12-01-01068,2024-12-01
False,2024-12-01-01069,2024-12-01
False,2024-12-01-01070,2024-12-01
False,2024-12-01-01071,2024-12-01
False,2024-12-01-01073,2024-12-01
False,2024-12-01-01074,2024-12-01
False,2024-12-01-01075,2024-12-01
False,2024-12-01-01076,2024-12-01
False,2024-12-01-01077,2024-12-01
False,2024-12-01-01078,2024-12-01
False,2024-12-01-01079,2024-12-01
False,2024-12-01-01080,2024-12-01
False,2024-12-01-01081,2024-12-01
False,2024-12-01-01082,2024-12-01
False,2024-12-01-01083,2024-12-01
False,2024-12-01-01084,2024-12-01
False,2024-12-01-01086,2024-12-01
False,2024-12-01-01087,2024-12-01
False,2024-12-01-01088,2024-12-01
False,2024-12-01-01089,2024-12-01
False,2024-12-01-01090,2024-12-01
False,2024-12-01-01091,2024-12-01
False,2024-12-01-01092,2024-12-01
False,2024-12-01-01093,2024-12-01
False,2024-12-01-01094,2024-12-01
False,2024-12-01-01095,2024-12-01
False,2024-12-01-01096,2024-12-01
False,2024-12-01-01097,2024-12-01
False,2024-12-01-01098,2024-12-01
False,2024-12-01-01099,2024-12-01
False,2024-12-01-01100,2024-12-01
False,2024-12-01-01101,2024-12-01
False,2024-12-01-01102,2024-12-01
False,2024-12-01-01103,2024-12-01
False,2024-12-01-01104,2024-12-01
False,2024-12-01-01105,2024-12-01
False,2024-12-01-01106,2024-12-01
False,2024-12-01-01107,2024-12-01
False,2024-12-01-01108,2024-12-01
False,2024-12-01-01109,2024-12-01
False,2024-12-01-01110,2024-12-01
False,2024-12-01-01111,2024-12-01
False,2024-12-01-01112,2024-12-01
False,2024-12-01-01113,2024-12-01
False,2024-12-01-01115,2024-12-01
False,2024-12-01-01116,2024-12-01
False,2024-12-01-01117,2024-12-01
False,2024-12-01-01118,2024-12-01
False,2024-12-01-01119,2024-12-01
False,2024-12-01-01120,2024-12-01
False,2024-12-01-01121,2024-12-01
False,2024-12-01-01122,2024-12-01
False,2024-12-01-01123,2024-12-01
